timestamp,Unnamed: 0,x,y,temperature
2024-04-18 00:00:00,35999.5,-6.586190802973967,0.1410212925421078,12.486520016825365
2024-04-18 01:00:00,107999.5,-6.586190802973967,0.1410212925421078,12.54522397433218
2024-04-18 02:00:00,179999.5,-6.586190802973967,0.1410212925421078,12.511125109998536
2024-04-18 03:00:00,251999.5,-6.586190802973967,0.1410212925421078,12.534942552716672
2024-04-18 04:00:00,323999.5,-6.586190802973967,0.1410212925421078,12.492521179753757
2024-04-18 05:00:00,395999.5,-6.586190802973967,0.1410212925421078,12.529845196133799
2024-04-18 06:00:00,467999.5,-6.586190802973967,0.1410212925421078,12.57052642566398
2024-04-18 07:00:00,539999.5,-6.586190802973967,0.1410212925421078,12.542739841118694
2024-04-18 08:00:00,611999.5,-6.586190802973967,0.1410212925421078,12.452828419728553
2024-04-18 09:00:00,683999.5,-6.586190802973967,0.1410212925421078,12.538492066938488
2024-04-18 10:00:00,755999.5,-6.586190802973967,0.1410212925421078,12.487779790772539
2024-04-18 11:00:00,827999.5,-6.586190802973967,0.1410212925421078,12.480139033792577
2024-04-18 12:00:00,899999.5,-6.586190802973967,0.1410212925421078,12.468378410400689
2024-04-18 13:00:00,971999.5,-6.586190802973967,0.1410212925421078,12.412856546531806
2024-04-18 14:00:00,1043999.5,-6.586190802973967,0.1410212925421078,12.505197206363302
2024-04-18 15:00:00,1115999.5,-6.586190802973967,0.1410212925421078,12.417592263476674
2024-04-18 16:00:00,1187999.5,-6.586190802973967,0.1410212925421078,12.462911960982696
2024-04-18 17:00:00,1259999.5,-6.586190802973967,0.1410212925421078,12.53732456406826
2024-04-18 18:00:00,1331999.5,-6.586190802973967,0.1410212925421078,12.50472589063366
2024-04-18 19:00:00,1403999.5,-6.586190802973967,0.1410212925421078,12.476461108769927
2024-04-18 20:00:00,1475999.5,-6.586190802973967,0.1410212925421078,12.41524851107605
2024-04-18 21:00:00,1547999.5,-6.586190802973967,0.1410212925421078,12.516084566933618
2024-04-18 22:00:00,1619999.5,-6.586190802973967,0.1410212925421078,12.501328272617185
2024-04-18 23:00:00,1691999.5,-6.586190802973967,0.1410212925421078,12.50863176661674
2024-04-27 00:00:00,35999.5,-6.586190802973967,0.1410212925421078,12.508603419755408
2024-04-27 01:00:00,107999.5,-6.586190802973967,0.1410212925421078,12.542750780203379
2024-04-27 02:00:00,179999.5,-6.586190802973967,0.1410212925421078,12.47062390323457
2024-04-27 03:00:00,251999.5,-6.586190802973967,0.1410212925421078,12.465171095669776
2024-04-27 04:00:00,323999.5,-6.586190802973967,0.1410212925421078,12.595502909800992
2024-04-27 05:00:00,395999.5,-6.586190802973967,0.1410212925421078,12.519356262752842
2024-04-27 06:00:00,467999.5,-6.586190802973967,0.1410212925421078,12.57293272778362
2024-04-27 07:00:00,539999.5,-6.586190802973967,0.1410212925421078,12.512025474942615
2024-04-27 08:00:00,611999.5,-6.586190802973967,0.1410212925421078,12.485371030460868
2024-04-27 09:00:00,683999.5,-6.586190802973967,0.1410212925421078,12.578714007131737
2024-04-27 10:00:00,755999.5,-6.586190802973967,0.1410212925421078,12.503481634642807
2024-04-27 11:00:00,827999.5,-6.586190802973967,0.1410212925421078,12.520302255774379
2024-04-27 12:00:00,899999.5,-6.586190802973967,0.1410212925421078,12.4588776457682
2024-04-27 13:00:00,971999.5,-6.586190802973967,0.1410212925421078,12.464660830643213
2024-04-27 14:00:00,1043999.5,-6.586190802973967,0.1410212925421078,12.555420188177244
2024-04-27 15:00:00,1115999.5,-6.586190802973967,0.1410212925421078,12.384626705731723
2024-04-27 16:00:00,1187999.5,-6.586190802973967,0.1410212925421078,12.523406130324863
2024-04-27 17:00:00,1259999.5,-6.586190802973967,0.1410212925421078,12.476152393944421
2024-04-27 18:00:00,1331999.5,-6.586190802973967,0.1410212925421078,12.423515704006649
2024-04-27 19:00:00,1403999.5,-6.586190802973967,0.1410212925421078,12.591418172484335
2024-04-27 20:00:00,1475999.5,-6.586190802973967,0.1410212925421078,12.529802811269843
2024-04-27 21:00:00,1547999.5,-6.586190802973967,0.1410212925421078,12.563633927178511
2024-04-27 22:00:00,1619999.5,-6.586190802973967,0.1410212925421078,12.48951981984465
2024-04-27 23:00:00,1691999.5,-6.586190802973967,0.1410212925421078,12.487705010601022
2024-04-30 00:00:00,35999.5,-6.586190802973967,0.1410212925421078,12.501234678262731
2024-04-30 01:00:00,107999.5,-6.586190802973967,0.1410212925421078,12.482106728910932
2024-04-30 02:00:00,179999.5,-6.586190802973967,0.1410212925421078,12.519386403503452
2024-04-30 03:00:00,251999.5,-6.586190802973967,0.1410212925421078,12.55061447319898
2024-04-30 04:00:00,323999.5,-6.586190802973967,0.1410212925421078,12.512146523112344
2024-04-30 05:00:00,395999.5,-6.586190802973967,0.1410212925421078,12.456600556695914
2024-04-30 06:00:00,467999.5,-6.586190802973967,0.1410212925421078,12.565843998968418
2024-04-30 07:00:00,539999.5,-6.586190802973967,0.1410212925421078,12.573541431904383
2024-04-30 08:00:00,611999.5,-6.586190802973967,0.1410212925421078,12.543203725634863
2024-04-30 09:00:00,683999.5,-6.586190802973967,0.1410212925421078,12.389986389566062
2024-04-30 10:00:00,755999.5,-6.586190802973967,0.1410212925421078,12.504204986810025
2024-04-30 11:00:00,827999.5,-6.586190802973967,0.1410212925421078,12.550736026132178
2024-04-30 12:00:00,899999.5,-6.586190802973967,0.1410212925421078,12.544646298746855
2024-04-30 13:00:00,971999.5,-6.586190802973967,0.1410212925421078,12.459941122613158
2024-04-30 14:00:00,1043999.5,-6.586190802973967,0.1410212925421078,12.528982735524853
2024-04-30 15:00:00,1115999.5,-6.586190802973967,0.1410212925421078,12.511515919795224
2024-04-30 16:00:00,1187999.5,-6.586190802973967,0.1410212925421078,12.49484174691944
2024-04-30 17:00:00,1259999.5,-6.586190802973967,0.1410212925421078,12.565071297099095
2024-04-30 18:00:00,1331999.5,-6.586190802973967,0.1410212925421078,12.450705335289141
2024-04-30 19:00:00,1403999.5,-6.586190802973967,0.1410212925421078,12.47657417200707
2024-04-30 20:00:00,1475999.5,-6.586190802973967,0.1410212925421078,12.500388030071065
2024-04-30 21:00:00,1547999.5,-6.586190802973967,0.1410212925421078,12.571976226459931
2024-04-30 22:00:00,1619999.5,-6.586190802973967,0.1410212925421078,12.470062760830688
2024-04-30 23:00:00,1691999.5,-6.586190802973967,0.1410212925421078,12.429638562308044
2024-04-26 00:00:00,35999.5,-6.586190802973967,0.1410212925421078,12.655996205297663
2024-04-26 01:00:00,107999.5,-6.586190802973967,0.1410212925421078,12.516853080223429
2024-04-26 02:00:00,179999.5,-6.586190802973967,0.1410212925421078,12.473316972842841
2024-04-26 03:00:00,251999.5,-6.586190802973967,0.1410212925421078,12.484260116570486
2024-04-26 04:00:00,323999.5,-6.586190802973967,0.1410212925421078,12.523034273952277
2024-04-26 05:00:00,395999.5,-6.586190802973967,0.1410212925421078,12.480763798906976
2024-04-26 06:00:00,467999.5,-6.586190802973967,0.1410212925421078,12.490259423743653
2024-04-26 07:00:00,539999.5,-6.586190802973967,0.1410212925421078,12.507074171934645
2024-04-26 08:00:00,611999.5,-6.586190802973967,0.1410212925421078,12.468525748829926
2024-04-26 09:00:00,683999.5,-6.586190802973967,0.1410212925421078,12.473339641255373
2024-04-26 10:00:00,755999.5,-6.586190802973967,0.1410212925421078,12.467641562206712
2024-04-26 11:00:00,827999.5,-6.586190802973967,0.1410212925421078,12.532083457821173
2024-04-26 12:00:00,899999.5,-6.586190802973967,0.1410212925421078,12.533265206797317
2024-04-26 13:00:00,971999.5,-6.586190802973967,0.1410212925421078,12.461826415419742
2024-04-26 14:00:00,1043999.5,-6.586190802973967,0.1410212925421078,12.435602041384211
2024-04-26 15:00:00,1115999.5,-6.586190802973967,0.1410212925421078,12.506541356658092
2024-04-26 16:00:00,1187999.5,-6.586190802973967,0.1410212925421078,12.440645277057387
2024-04-26 17:00:00,1259999.5,-6.586190802973967,0.1410212925421078,12.564317841376122
2024-04-26 18:00:00,1331999.5,-6.586190802973967,0.1410212925421078,12.49653474668109
2024-04-26 19:00:00,1403999.5,-6.586190802973967,0.1410212925421078,12.464285160991512
2024-04-26 20:00:00,1475999.5,-6.586190802973967,0.1410212925421078,12.478647504817467
2024-04-26 21:00:00,1547999.5,-6.586190802973967,0.1410212925421078,12.458776197251963
2024-04-26 22:00:00,1619999.5,-6.586190802973967,0.1410212925421078,12.442083257954701
2024-04-26 23:00:00,1691999.5,-6.586190802973967,0.1410212925421078,12.539834419317273
2024-04-22 00:00:00,35999.5,-6.586190802973967,0.1410212925421078,12.514240512175718
2024-04-22 01:00:00,107999.5,-6.586190802973967,0.1410212925421078,12.510959111200602
2024-04-22 02:00:00,179999.5,-6.586190802973967,0.1410212925421078,12.42574559434153
2024-04-22 03:00:00,251999.5,-6.586190802973967,0.1410212925421078,12.488622988794223
2024-04-22 04:00:00,323999.5,-6.586190802973967,0.1410212925421078,12.468096450513553
2024-04-22 05:00:00,395999.5,-6.586190802973967,0.1410212925421078,12.486337364791028
2024-04-22 06:00:00,467999.5,-6.586190802973967,0.1410212925421078,12.64268006943312
2024-04-22 07:00:00,539999.5,-6.586190802973967,0.1410212925421078,12.543637539130616
2024-04-22 08:00:00,611999.5,-6.586190802973967,0.1410212925421078,12.452531951466424
2024-04-22 09:00:00,683999.5,-6.586190802973967,0.1410212925421078,12.593499928903586
2024-04-22 10:00:00,755999.5,-6.586190802973967,0.1410212925421078,12.454371595043124
2024-04-22 11:00:00,827999.5,-6.586190802973967,0.1410212925421078,12.544813431740167
2024-04-22 12:00:00,899999.5,-6.586190802973967,0.1410212925421078,12.449029843508574
2024-04-22 13:00:00,971999.5,-6.586190802973967,0.1410212925421078,12.51425105425959
2024-04-22 14:00:00,1043999.5,-6.586190802973967,0.1410212925421078,12.530043207467093
2024-04-22 15:00:00,1115999.5,-6.586190802973967,0.1410212925421078,12.508927973641924
2024-04-22 16:00:00,1187999.5,-6.586190802973967,0.1410212925421078,12.542025130340601
2024-04-22 17:00:00,1259999.5,-6.586190802973967,0.1410212925421078,12.451753567739702
2024-04-22 18:00:00,1331999.5,-6.586190802973967,0.1410212925421078,12.46583194562151
2024-04-22 19:00:00,1403999.5,-6.586190802973967,0.1410212925421078,12.43727315886887
2024-04-22 20:00:00,1475999.5,-6.586190802973967,0.1410212925421078,12.416971778304188
2024-04-22 21:00:00,1547999.5,-6.586190802973967,0.1410212925421078,12.575653678145423
2024-04-22 22:00:00,1619999.5,-6.586190802973967,0.1410212925421078,12.494797986624084
2024-04-22 23:00:00,1691999.5,-6.586190802973967,0.1410212925421078,12.495731270007125
2024-04-14 00:00:00,35999.5,-6.586190802973967,0.1410212925421078,12.531740328514264
2024-04-14 01:00:00,107999.5,-6.586190802973967,0.1410212925421078,12.467795804996259
2024-04-14 02:00:00,179999.5,-6.586190802973967,0.1410212925421078,12.474111517053682
2024-04-14 03:00:00,251999.5,-6.586190802973967,0.1410212925421078,12.542965192847547
2024-04-14 04:00:00,323999.5,-6.586190802973967,0.1410212925421078,12.497280893336132
2024-04-14 05:00:00,395999.5,-6.586190802973967,0.1410212925421078,12.467095788211811
2024-04-14 06:00:00,467999.5,-6.586190802973967,0.1410212925421078,12.50681654000107
2024-04-14 07:00:00,539999.5,-6.586190802973967,0.1410212925421078,12.543961970809272
2024-04-14 08:00:00,611999.5,-6.586190802973967,0.1410212925421078,12.52680850803214
2024-04-14 09:00:00,683999.5,-6.586190802973967,0.1410212925421078,12.519005821755467
2024-04-14 10:00:00,755999.5,-6.586190802973967,0.1410212925421078,12.601777678101326
2024-04-14 11:00:00,827999.5,-6.586190802973967,0.1410212925421078,12.438634918139382
2024-04-14 12:00:00,899999.5,-6.586190802973967,0.1410212925421078,12.463455779540666
2024-04-14 13:00:00,971999.5,-6.586190802973967,0.1410212925421078,12.51828730712825
2024-04-14 14:00:00,1043999.5,-6.586190802973967,0.1410212925421078,12.543882850654587
2024-04-14 15:00:00,1115999.5,-6.586190802973967,0.1410212925421078,12.459960600067948
2024-04-14 16:00:00,1187999.5,-6.586190802973967,0.1410212925421078,12.562922742369512
2024-04-14 17:00:00,1259999.5,-6.586190802973967,0.1410212925421078,12.585616952033892
2024-04-14 18:00:00,1331999.5,-6.586190802973967,0.1410212925421078,12.57811944051837
2024-04-14 19:00:00,1403999.5,-6.586190802973967,0.1410212925421078,12.431715502501257
2024-04-14 20:00:00,1475999.5,-6.586190802973967,0.1410212925421078,12.477282090158772
2024-04-14 21:00:00,1547999.5,-6.586190802973967,0.1410212925421078,12.489125334331586
2024-04-14 22:00:00,1619999.5,-6.586190802973967,0.1410212925421078,12.50722837187647
2024-04-14 23:00:00,1691999.5,-6.586190802973967,0.1410212925421078,12.524395693825737
2024-04-24 00:00:00,35999.5,-6.586190802973967,0.1410212925421078,12.505398756478478
2024-04-24 01:00:00,107999.5,-6.586190802973967,0.1410212925421078,12.48236406372321
2024-04-24 02:00:00,179999.5,-6.586190802973967,0.1410212925421078,12.465781461969742
2024-04-24 03:00:00,251999.5,-6.586190802973967,0.1410212925421078,12.505077451178943
2024-04-24 04:00:00,323999.5,-6.586190802973967,0.1410212925421078,12.510260437915942
2024-04-24 05:00:00,395999.5,-6.586190802973967,0.1410212925421078,12.497756532211717
2024-04-24 06:00:00,467999.5,-6.586190802973967,0.1410212925421078,12.49411541682347
2024-04-24 07:00:00,539999.5,-6.586190802973967,0.1410212925421078,12.579874844679205
2024-04-24 08:00:00,611999.5,-6.586190802973967,0.1410212925421078,12.475592372319165
2024-04-24 09:00:00,683999.5,-6.586190802973967,0.1410212925421078,12.49244269623993
2024-04-24 10:00:00,755999.5,-6.586190802973967,0.1410212925421078,12.471651625804297
2024-04-24 11:00:00,827999.5,-6.586190802973967,0.1410212925421078,12.514032399756497
2024-04-24 12:00:00,899999.5,-6.586190802973967,0.1410212925421078,12.436938616803456
2024-04-24 13:00:00,971999.5,-6.586190802973967,0.1410212925421078,12.476733533920068
2024-04-24 14:00:00,1043999.5,-6.586190802973967,0.1410212925421078,12.483703459431856
2024-04-24 15:00:00,1115999.5,-6.586190802973967,0.1410212925421078,12.549229123557133
2024-04-24 16:00:00,1187999.5,-6.586190802973967,0.1410212925421078,12.506244539684166
2024-04-24 17:00:00,1259999.5,-6.586190802973967,0.1410212925421078,12.571714009303088
2024-04-24 18:00:00,1331999.5,-6.586190802973967,0.1410212925421078,12.437377240535909
2024-04-24 19:00:00,1403999.5,-6.586190802973967,0.1410212925421078,12.458599346444629
2024-04-24 20:00:00,1475999.5,-6.586190802973967,0.1410212925421078,12.530228191080091
2024-04-24 21:00:00,1547999.5,-6.586190802973967,0.1410212925421078,12.5019074110366
2024-04-24 22:00:00,1619999.5,-6.586190802973967,0.1410212925421078,12.475394259170491
2024-04-24 23:00:00,1691999.5,-6.586190802973967,0.1410212925421078,12.51797741423527
2024-04-28 00:00:00,35999.5,-6.586190802973967,0.1410212925421078,12.56742062842861
2024-04-28 01:00:00,107999.5,-6.586190802973967,0.1410212925421078,12.379009867893084
2024-04-28 02:00:00,179999.5,-6.586190802973967,0.1410212925421078,12.412616350633899
2024-04-28 03:00:00,251999.5,-6.586190802973967,0.1410212925421078,12.393138474231518
2024-04-28 04:00:00,323999.5,-6.586190802973967,0.1410212925421078,12.4403151895076
2024-04-28 05:00:00,395999.5,-6.586190802973967,0.1410212925421078,12.51745020053415
2024-04-28 06:00:00,467999.5,-6.586190802973967,0.1410212925421078,12.539520714222098
2024-04-28 07:00:00,539999.5,-6.586190802973967,0.1410212925421078,12.595588657423436
2024-04-28 08:00:00,611999.5,-6.586190802973967,0.1410212925421078,12.465049725692273
2024-04-28 09:00:00,683999.5,-6.586190802973967,0.1410212925421078,12.471461205120455
2024-04-28 10:00:00,755999.5,-6.586190802973967,0.1410212925421078,12.449805343965014
2024-04-28 11:00:00,827999.5,-6.586190802973967,0.1410212925421078,12.515890386489632
2024-04-28 12:00:00,899999.5,-6.586190802973967,0.1410212925421078,12.512784829248522
2024-04-28 13:00:00,971999.5,-6.586190802973967,0.1410212925421078,12.55192947066768
2024-04-28 14:00:00,1043999.5,-6.586190802973967,0.1410212925421078,12.43979786107131
2024-04-28 15:00:00,1115999.5,-6.586190802973967,0.1410212925421078,12.522922857342145
2024-04-28 16:00:00,1187999.5,-6.586190802973967,0.1410212925421078,12.52300042859385
2024-04-28 17:00:00,1259999.5,-6.586190802973967,0.1410212925421078,12.396263281417967
2024-04-28 18:00:00,1331999.5,-6.586190802973967,0.1410212925421078,12.47502003981968
2024-04-28 19:00:00,1403999.5,-6.586190802973967,0.1410212925421078,12.542077670825034
2024-04-28 20:00:00,1475999.5,-6.586190802973967,0.1410212925421078,12.512843803174162
2024-04-28 21:00:00,1547999.5,-6.586190802973967,0.1410212925421078,12.451917228690307
2024-04-28 22:00:00,1619999.5,-6.586190802973967,0.1410212925421078,12.443080772982679
2024-04-28 23:00:00,1691999.5,-6.586190802973967,0.1410212925421078,12.516260880707089
2024-04-11 00:00:00,35999.5,-6.586190802973967,0.1410212925421078,12.53799777489695
2024-04-11 01:00:00,107999.5,-6.586190802973967,0.1410212925421078,12.555510571653649
2024-04-11 02:00:00,179999.5,-6.586190802973967,0.1410212925421078,12.528047748659901
2024-04-11 03:00:00,251999.5,-6.586190802973967,0.1410212925421078,12.488035899905997
2024-04-11 04:00:00,323999.5,-6.586190802973967,0.1410212925421078,12.515894257213011
2024-04-11 05:00:00,395999.5,-6.586190802973967,0.1410212925421078,12.4387721603723
2024-04-11 06:00:00,467999.5,-6.586190802973967,0.1410212925421078,12.507071611626198
2024-04-11 07:00:00,539999.5,-6.586190802973967,0.1410212925421078,12.497008921382458
2024-04-11 08:00:00,611999.5,-6.586190802973967,0.1410212925421078,12.505734466650255
2024-04-11 09:00:00,683999.5,-6.586190802973967,0.1410212925421078,12.481246279162857
2024-04-11 10:00:00,755999.5,-6.586190802973967,0.1410212925421078,12.468284954536196
2024-04-11 11:00:00,827999.5,-6.586190802973967,0.1410212925421078,12.555203187372735
2024-04-11 12:00:00,899999.5,-6.586190802973967,0.1410212925421078,12.507326001284785
2024-04-11 13:00:00,971999.5,-6.586190802973967,0.1410212925421078,12.474170273496435
2024-04-11 14:00:00,1043999.5,-6.586190802973967,0.1410212925421078,12.475609504096488
2024-04-11 15:00:00,1115999.5,-6.586190802973967,0.1410212925421078,12.477073631685448
2024-04-11 16:00:00,1187999.5,-6.586190802973967,0.1410212925421078,12.481543357386109
2024-04-11 17:00:00,1259999.5,-6.586190802973967,0.1410212925421078,12.533855553572533
2024-04-11 18:00:00,1331999.5,-6.586190802973967,0.1410212925421078,12.51311660480631
2024-04-11 19:00:00,1403999.5,-6.586190802973967,0.1410212925421078,12.555216032294155
2024-04-11 20:00:00,1475999.5,-6.586190802973967,0.1410212925421078,12.508651554452493
2024-04-11 21:00:00,1547999.5,-6.586190802973967,0.1410212925421078,12.544163934717332
2024-04-11 22:00:00,1619999.5,-6.586190802973967,0.1410212925421078,12.517036023407028
2024-04-11 23:00:00,1691999.5,-6.586190802973967,0.1410212925421078,12.511593658439995
2024-05-07 00:00:00,35999.5,-6.586190802973967,0.1410212925421078,12.512943182649929
2024-05-07 01:00:00,107999.5,-6.586190802973967,0.1410212925421078,12.5634938957243
2024-05-07 02:00:00,179999.5,-6.586190802973967,0.1410212925421078,12.532909528212423
2024-05-07 03:00:00,251999.5,-6.586190802973967,0.1410212925421078,12.531272271674798
2024-05-07 04:00:00,323999.5,-6.586190802973967,0.1410212925421078,12.47239397055465
2024-05-07 05:00:00,395999.5,-6.586190802973967,0.1410212925421078,12.565366593608845
2024-05-07 06:00:00,467999.5,-6.586190802973967,0.1410212925421078,12.518652274232192
2024-05-07 07:00:00,539999.5,-6.586190802973967,0.1410212925421078,12.435978924786964
2024-05-07 08:00:00,611999.5,-6.586190802973967,0.1410212925421078,12.467637659977889
2024-05-07 09:00:00,683999.5,-6.586190802973967,0.1410212925421078,12.535413086978206
2024-05-07 10:00:00,755999.5,-6.586190802973967,0.1410212925421078,12.450749136458873
2024-05-07 11:00:00,827999.5,-6.586190802973967,0.1410212925421078,12.464409650510337
2024-05-07 12:00:00,899999.5,-6.586190802973967,0.1410212925421078,12.4419342454198
2024-05-07 13:00:00,971999.5,-6.586190802973967,0.1410212925421078,12.508319569749016
2024-05-07 14:00:00,1043999.5,-6.586190802973967,0.1410212925421078,12.502878839091368
2024-05-07 15:00:00,1115999.5,-6.586190802973967,0.1410212925421078,12.584690736610327
2024-05-07 16:00:00,1187999.5,-6.586190802973967,0.1410212925421078,12.51543948812911
2024-05-07 17:00:00,1259999.5,-6.586190802973967,0.1410212925421078,12.557977198047523
2024-05-07 18:00:00,1331999.5,-6.586190802973967,0.1410212925421078,12.492049410491758
2024-05-07 19:00:00,1403999.5,-6.586190802973967,0.1410212925421078,12.461116610095832
2024-05-07 20:00:00,1475999.5,-6.586190802973967,0.1410212925421078,12.509052454402564
2024-05-07 21:00:00,1547999.5,-6.586190802973967,0.1410212925421078,12.483567217494642
2024-05-07 22:00:00,1619999.5,-6.586190802973967,0.1410212925421078,12.444406585561248
2024-05-07 23:00:00,1691999.5,-6.586190802973967,0.1410212925421078,12.491506122331229
2024-04-13 00:00:00,35999.5,-6.586190802973967,0.1410212925421078,12.459234280585854
2024-04-13 01:00:00,107999.5,-6.586190802973967,0.1410212925421078,12.468232206193054
2024-04-13 02:00:00,179999.5,-6.586190802973967,0.1410212925421078,12.558878217143938
2024-04-13 03:00:00,251999.5,-6.586190802973967,0.1410212925421078,12.510718816425296
2024-04-13 04:00:00,323999.5,-6.586190802973967,0.1410212925421078,12.522328694102178
2024-04-13 05:00:00,395999.5,-6.586190802973967,0.1410212925421078,12.484360133054514
2024-04-13 06:00:00,467999.5,-6.586190802973967,0.1410212925421078,12.535781403519858
2024-04-13 07:00:00,539999.5,-6.586190802973967,0.1410212925421078,12.533967589888869
2024-04-13 08:00:00,611999.5,-6.586190802973967,0.1410212925421078,12.469068088441622
2024-04-13 09:00:00,683999.5,-6.586190802973967,0.1410212925421078,12.522175851146923
2024-04-13 10:00:00,755999.5,-6.586190802973967,0.1410212925421078,12.533426844322657
2024-04-13 11:00:00,827999.5,-6.586190802973967,0.1410212925421078,12.4598069010671
2024-04-13 12:00:00,899999.5,-6.586190802973967,0.1410212925421078,12.455023102332946
2024-04-13 13:00:00,971999.5,-6.586190802973967,0.1410212925421078,12.514566063316584
2024-04-13 14:00:00,1043999.5,-6.586190802973967,0.1410212925421078,12.54800133263513
2024-04-13 15:00:00,1115999.5,-6.586190802973967,0.1410212925421078,12.511915908040915
2024-04-13 16:00:00,1187999.5,-6.586190802973967,0.1410212925421078,12.51615195254582
2024-04-13 17:00:00,1259999.5,-6.586190802973967,0.1410212925421078,12.52513885651644
2024-04-13 18:00:00,1331999.5,-6.586190802973967,0.1410212925421078,12.47818938069909
2024-04-13 19:00:00,1403999.5,-6.586190802973967,0.1410212925421078,12.604473098640286
2024-04-13 20:00:00,1475999.5,-6.586190802973967,0.1410212925421078,12.495941735002168
2024-04-13 21:00:00,1547999.5,-6.586190802973967,0.1410212925421078,12.500812582789848
2024-04-13 22:00:00,1619999.5,-6.586190802973967,0.1410212925421078,12.552007216940888
2024-04-13 23:00:00,1691999.5,-6.586190802973967,0.1410212925421078,12.427931501331969
2024-04-29 00:00:00,35999.5,-6.586190802973967,0.1410212925421078,12.573410215254313
2024-04-29 01:00:00,107999.5,-6.586190802973967,0.1410212925421078,12.466562661811091
2024-04-29 02:00:00,179999.5,-6.586190802973967,0.1410212925421078,12.519483700657116
2024-04-29 03:00:00,251999.5,-6.586190802973967,0.1410212925421078,12.499387708164335
2024-04-29 04:00:00,323999.5,-6.586190802973967,0.1410212925421078,12.503689281140351
2024-04-29 05:00:00,395999.5,-6.586190802973967,0.1410212925421078,12.554078695988231
2024-04-29 06:00:00,467999.5,-6.586190802973967,0.1410212925421078,12.487668664624737
2024-04-29 07:00:00,539999.5,-6.586190802973967,0.1410212925421078,12.470320404534917
2024-04-29 08:00:00,611999.5,-6.586190802973967,0.1410212925421078,12.365199740929768
2024-04-29 09:00:00,683999.5,-6.586190802973967,0.1410212925421078,12.534651419792487
2024-04-29 10:00:00,755999.5,-6.586190802973967,0.1410212925421078,12.516311468173077
2024-04-29 11:00:00,827999.5,-6.586190802973967,0.1410212925421078,12.430915109956803
2024-04-29 12:00:00,899999.5,-6.586190802973967,0.1410212925421078,12.507022581007671
2024-04-29 13:00:00,971999.5,-6.586190802973967,0.1410212925421078,12.503816099015149
2024-04-29 14:00:00,1043999.5,-6.586190802973967,0.1410212925421078,12.543277540713806
2024-04-29 15:00:00,1115999.5,-6.586190802973967,0.1410212925421078,12.517890890560789
2024-04-29 16:00:00,1187999.5,-6.586190802973967,0.1410212925421078,12.486657206771534
2024-04-29 17:00:00,1259999.5,-6.586190802973967,0.1410212925421078,12.409596793496151
2024-04-29 18:00:00,1331999.5,-6.586190802973967,0.1410212925421078,12.490493683455183
2024-04-29 19:00:00,1403999.5,-6.586190802973967,0.1410212925421078,12.445394531830324
2024-04-29 20:00:00,1475999.5,-6.586190802973967,0.1410212925421078,12.488076358293494
2024-04-29 21:00:00,1547999.5,-6.586190802973967,0.1410212925421078,12.519588457183538
2024-04-29 22:00:00,1619999.5,-6.586190802973967,0.1410212925421078,12.499728165568689
2024-04-29 23:00:00,1691999.5,-6.586190802973967,0.1410212925421078,12.476246799045981
2024-04-21 00:00:00,35999.5,-6.586190802973967,0.1410212925421078,12.526519746538076
2024-04-21 01:00:00,107999.5,-6.586190802973967,0.1410212925421078,12.44534132733237
2024-04-21 02:00:00,179999.5,-6.586190802973967,0.1410212925421078,12.377949910570846
2024-04-21 03:00:00,251999.5,-6.586190802973967,0.1410212925421078,12.48106926603146
2024-04-21 04:00:00,323999.5,-6.586190802973967,0.1410212925421078,12.501710243942679
2024-04-21 05:00:00,395999.5,-6.586190802973967,0.1410212925421078,12.54491170126316
2024-04-21 06:00:00,467999.5,-6.586190802973967,0.1410212925421078,12.472452697978124
2024-04-21 07:00:00,539999.5,-6.586190802973967,0.1410212925421078,12.566638707608316
2024-04-21 08:00:00,611999.5,-6.586190802973967,0.1410212925421078,12.436239176808611
2024-04-21 09:00:00,683999.5,-6.586190802973967,0.1410212925421078,12.480757013462059
2024-04-21 10:00:00,755999.5,-6.586190802973967,0.1410212925421078,12.41747014834702
2024-04-21 11:00:00,827999.5,-6.586190802973967,0.1410212925421078,12.534961852334217
2024-04-21 12:00:00,899999.5,-6.586190802973967,0.1410212925421078,12.504041527392134
2024-04-21 13:00:00,971999.5,-6.586190802973967,0.1410212925421078,12.64328089142001
2024-04-21 14:00:00,1043999.5,-6.586190802973967,0.1410212925421078,12.481105975048388
2024-04-21 15:00:00,1115999.5,-6.586190802973967,0.1410212925421078,12.403886058557756
2024-04-21 16:00:00,1187999.5,-6.586190802973967,0.1410212925421078,12.528801062998529
2024-04-21 17:00:00,1259999.5,-6.586190802973967,0.1410212925421078,12.567266539091694
2024-04-21 18:00:00,1331999.5,-6.586190802973967,0.1410212925421078,12.454906359420209
2024-04-21 19:00:00,1403999.5,-6.586190802973967,0.1410212925421078,12.40432686032491
2024-04-21 20:00:00,1475999.5,-6.586190802973967,0.1410212925421078,12.539888773436479
2024-04-21 21:00:00,1547999.5,-6.586190802973967,0.1410212925421078,12.4397524963384
2024-04-21 22:00:00,1619999.5,-6.586190802973967,0.1410212925421078,12.549009891300098
2024-04-21 23:00:00,1691999.5,-6.586190802973967,0.1410212925421078,12.594110024101834
2024-05-05 00:00:00,35999.5,-6.586190802973967,0.1410212925421078,12.51344554702398
2024-05-05 01:00:00,107999.5,-6.586190802973967,0.1410212925421078,12.514578121082753
2024-05-05 02:00:00,179999.5,-6.586190802973967,0.1410212925421078,12.493597124282513
2024-05-05 03:00:00,251999.5,-6.586190802973967,0.1410212925421078,12.469941717193864
2024-05-05 04:00:00,323999.5,-6.586190802973967,0.1410212925421078,12.44649271305511
2024-05-05 05:00:00,395999.5,-6.586190802973967,0.1410212925421078,12.548777373830982
2024-05-05 06:00:00,467999.5,-6.586190802973967,0.1410212925421078,12.436879416349951
2024-05-05 07:00:00,539999.5,-6.586190802973967,0.1410212925421078,12.505898804793777
2024-05-05 08:00:00,611999.5,-6.586190802973967,0.1410212925421078,12.470495003846851
2024-05-05 09:00:00,683999.5,-6.586190802973967,0.1410212925421078,12.565488238435606
2024-05-05 10:00:00,755999.5,-6.586190802973967,0.1410212925421078,12.478100373258966
2024-05-05 11:00:00,827999.5,-6.586190802973967,0.1410212925421078,12.514046149286981
2024-05-05 12:00:00,899999.5,-6.586190802973967,0.1410212925421078,12.482649161837072
2024-05-05 13:00:00,971999.5,-6.586190802973967,0.1410212925421078,12.465611398986741
2024-05-05 14:00:00,1043999.5,-6.586190802973967,0.1410212925421078,12.574886945761307
2024-05-05 15:00:00,1115999.5,-6.586190802973967,0.1410212925421078,12.454929865001251
2024-05-05 16:00:00,1187999.5,-6.586190802973967,0.1410212925421078,12.434122339847427
2024-05-05 17:00:00,1259999.5,-6.586190802973967,0.1410212925421078,12.534551294137852
2024-05-05 18:00:00,1331999.5,-6.586190802973967,0.1410212925421078,12.517302120694984
2024-05-05 19:00:00,1403999.5,-6.586190802973967,0.1410212925421078,12.568335810054576
2024-05-05 20:00:00,1475999.5,-6.586190802973967,0.1410212925421078,12.532962101069987
2024-05-05 21:00:00,1547999.5,-6.586190802973967,0.1410212925421078,12.477954419562103
2024-05-05 22:00:00,1619999.5,-6.586190802973967,0.1410212925421078,12.572503413372942
2024-05-05 23:00:00,1691999.5,-6.586190802973967,0.1410212925421078,12.568733775723846
2024-05-06 00:00:00,35999.5,-6.586190802973967,0.1410212925421078,12.483172454861572
2024-05-06 01:00:00,107999.5,-6.586190802973967,0.1410212925421078,12.497695632734478
2024-05-06 02:00:00,179999.5,-6.586190802973967,0.1410212925421078,12.606407351979863
2024-05-06 03:00:00,251999.5,-6.586190802973967,0.1410212925421078,12.547427639700393
2024-05-06 04:00:00,323999.5,-6.586190802973967,0.1410212925421078,12.489204487095686
2024-05-06 05:00:00,395999.5,-6.586190802973967,0.1410212925421078,12.597984140204854
2024-05-06 06:00:00,467999.5,-6.586190802973967,0.1410212925421078,12.40800545951996
2024-05-06 07:00:00,539999.5,-6.586190802973967,0.1410212925421078,12.538795858704402
2024-05-06 08:00:00,611999.5,-6.586190802973967,0.1410212925421078,12.552192363852113
2024-05-06 09:00:00,683999.5,-6.586190802973967,0.1410212925421078,12.551857783334546
2024-05-06 10:00:00,755999.5,-6.586190802973967,0.1410212925421078,12.500377612861525
2024-05-06 11:00:00,827999.5,-6.586190802973967,0.1410212925421078,12.408330201438684
2024-05-06 12:00:00,899999.5,-6.586190802973967,0.1410212925421078,12.477354022782002
2024-05-06 13:00:00,971999.5,-6.586190802973967,0.1410212925421078,12.496010061281984
2024-05-06 14:00:00,1043999.5,-6.586190802973967,0.1410212925421078,12.501379521636167
2024-05-06 15:00:00,1115999.5,-6.586190802973967,0.1410212925421078,12.544582249061467
2024-05-06 16:00:00,1187999.5,-6.586190802973967,0.1410212925421078,12.542591817173728
2024-05-06 17:00:00,1259999.5,-6.586190802973967,0.1410212925421078,12.50954337539549
2024-05-06 18:00:00,1331999.5,-6.586190802973967,0.1410212925421078,12.453720897403942
2024-05-06 19:00:00,1403999.5,-6.586190802973967,0.1410212925421078,12.498297726067547
2024-05-06 20:00:00,1475999.5,-6.586190802973967,0.1410212925421078,12.498978684406616
2024-05-06 21:00:00,1547999.5,-6.586190802973967,0.1410212925421078,12.617463098059183
2024-05-06 22:00:00,1619999.5,-6.586190802973967,0.1410212925421078,12.474103828060796
2024-05-06 23:00:00,1691999.5,-6.586190802973967,0.1410212925421078,12.569795134612264
2024-04-19 00:00:00,35999.5,-6.586190802973967,0.1410212925421078,12.490634016700096
2024-04-19 01:00:00,107999.5,-6.586190802973967,0.1410212925421078,12.533517782416748
2024-04-19 02:00:00,179999.5,-6.586190802973967,0.1410212925421078,12.547912596983618
2024-04-19 03:00:00,251999.5,-6.586190802973967,0.1410212925421078,12.426662306985083
2024-04-19 04:00:00,323999.5,-6.586190802973967,0.1410212925421078,12.505726941992535
2024-04-19 05:00:00,395999.5,-6.586190802973967,0.1410212925421078,12.493602436176896
2024-04-19 06:00:00,467999.5,-6.586190802973967,0.1410212925421078,12.464924655575764
2024-04-19 07:00:00,539999.5,-6.586190802973967,0.1410212925421078,12.498169530599942
2024-04-19 08:00:00,611999.5,-6.586190802973967,0.1410212925421078,12.493041281585672
2024-04-19 09:00:00,683999.5,-6.586190802973967,0.1410212925421078,12.606352234947744
2024-04-19 10:00:00,755999.5,-6.586190802973967,0.1410212925421078,12.432720418508818
2024-04-19 11:00:00,827999.5,-6.586190802973967,0.1410212925421078,12.543798624663413
2024-04-19 12:00:00,899999.5,-6.586190802973967,0.1410212925421078,12.460065276310818
2024-04-19 13:00:00,971999.5,-6.586190802973967,0.1410212925421078,12.55549528150242
2024-04-19 14:00:00,1043999.5,-6.586190802973967,0.1410212925421078,12.537348119151545
2024-04-19 15:00:00,1115999.5,-6.586190802973967,0.1410212925421078,12.499031816712229
2024-04-19 16:00:00,1187999.5,-6.586190802973967,0.1410212925421078,12.437941625627731
2024-04-19 17:00:00,1259999.5,-6.586190802973967,0.1410212925421078,12.478550963294177
2024-04-19 18:00:00,1331999.5,-6.586190802973967,0.1410212925421078,12.508501589756651
2024-04-19 19:00:00,1403999.5,-6.586190802973967,0.1410212925421078,12.483054043325723
2024-04-19 20:00:00,1475999.5,-6.586190802973967,0.1410212925421078,12.525747668000799
2024-04-19 21:00:00,1547999.5,-6.586190802973967,0.1410212925421078,12.564698260721501
2024-04-19 22:00:00,1619999.5,-6.586190802973967,0.1410212925421078,12.515173270816014
2024-04-19 23:00:00,1691999.5,-6.586190802973967,0.1410212925421078,12.502930890232346
2024-05-04 00:00:00,35999.5,-6.586190802973967,0.1410212925421078,12.565692456303022
2024-05-04 01:00:00,107999.5,-6.586190802973967,0.1410212925421078,12.512983473027486
2024-05-04 02:00:00,179999.5,-6.586190802973967,0.1410212925421078,12.401011236650083
2024-05-04 03:00:00,251999.5,-6.586190802973967,0.1410212925421078,12.538751141931293
2024-05-04 04:00:00,323999.5,-6.586190802973967,0.1410212925421078,12.534910307292169
2024-05-04 05:00:00,395999.5,-6.586190802973967,0.1410212925421078,12.502029079720149
2024-05-04 06:00:00,467999.5,-6.586190802973967,0.1410212925421078,12.514751045441475
2024-05-04 07:00:00,539999.5,-6.586190802973967,0.1410212925421078,12.514285496294477
2024-05-04 08:00:00,611999.5,-6.586190802973967,0.1410212925421078,12.521875836086657
2024-05-04 09:00:00,683999.5,-6.586190802973967,0.1410212925421078,12.439476488117542
2024-05-04 10:00:00,755999.5,-6.586190802973967,0.1410212925421078,12.523457635370299
2024-05-04 11:00:00,827999.5,-6.586190802973967,0.1410212925421078,12.557880114365178
2024-05-04 12:00:00,899999.5,-6.586190802973967,0.1410212925421078,12.468102011642385
2024-05-04 13:00:00,971999.5,-6.586190802973967,0.1410212925421078,12.527715850395857
2024-05-04 14:00:00,1043999.5,-6.586190802973967,0.1410212925421078,12.441032873785332
2024-05-04 15:00:00,1115999.5,-6.586190802973967,0.1410212925421078,12.498908386569997
2024-05-04 16:00:00,1187999.5,-6.586190802973967,0.1410212925421078,12.465993838756356
2024-05-04 17:00:00,1259999.5,-6.586190802973967,0.1410212925421078,12.49776344222445
2024-05-04 18:00:00,1331999.5,-6.586190802973967,0.1410212925421078,12.49142872976785
2024-05-04 19:00:00,1403999.5,-6.586190802973967,0.1410212925421078,12.506765648459462
2024-05-04 20:00:00,1475999.5,-6.586190802973967,0.1410212925421078,12.498318173059385
2024-05-04 21:00:00,1547999.5,-6.586190802973967,0.1410212925421078,12.499500262284426
2024-05-04 22:00:00,1619999.5,-6.586190802973967,0.1410212925421078,12.45789598635908
2024-05-04 23:00:00,1691999.5,-6.586190802973967,0.1410212925421078,12.458301093385982
2024-04-23 00:00:00,35999.5,-6.586190802973967,0.1410212925421078,12.495654280986432
2024-04-23 01:00:00,107999.5,-6.586190802973967,0.1410212925421078,12.52369111025019
2024-04-23 02:00:00,179999.5,-6.586190802973967,0.1410212925421078,12.51206010144783
2024-04-23 03:00:00,251999.5,-6.586190802973967,0.1410212925421078,12.532593765184638
2024-04-23 04:00:00,323999.5,-6.586190802973967,0.1410212925421078,12.47188396987288
2024-04-23 05:00:00,395999.5,-6.586190802973967,0.1410212925421078,12.525261500210014
2024-04-23 06:00:00,467999.5,-6.586190802973967,0.1410212925421078,12.401076142956633
2024-04-23 07:00:00,539999.5,-6.586190802973967,0.1410212925421078,12.487204398753878
2024-04-23 08:00:00,611999.5,-6.586190802973967,0.1410212925421078,12.493030962149607
2024-04-23 09:00:00,683999.5,-6.586190802973967,0.1410212925421078,12.467506709432794
2024-04-23 10:00:00,755999.5,-6.586190802973967,0.1410212925421078,12.495499868070288
2024-04-23 11:00:00,827999.5,-6.586190802973967,0.1410212925421078,12.478708704825404
2024-04-23 12:00:00,899999.5,-6.586190802973967,0.1410212925421078,12.50634408389517
2024-04-23 13:00:00,971999.5,-6.586190802973967,0.1410212925421078,12.501963674510483
2024-04-23 14:00:00,1043999.5,-6.586190802973967,0.1410212925421078,12.415131413978331
2024-04-23 15:00:00,1115999.5,-6.586190802973967,0.1410212925421078,12.479254797708185
2024-04-23 16:00:00,1187999.5,-6.586190802973967,0.1410212925421078,12.516315626337567
2024-04-23 17:00:00,1259999.5,-6.586190802973967,0.1410212925421078,12.535487030356734
2024-04-23 18:00:00,1331999.5,-6.586190802973967,0.1410212925421078,12.516741045965308
2024-04-23 19:00:00,1403999.5,-6.586190802973967,0.1410212925421078,12.46809720459065
2024-04-23 20:00:00,1475999.5,-6.586190802973967,0.1410212925421078,12.493623873356574
2024-04-23 21:00:00,1547999.5,-6.586190802973967,0.1410212925421078,12.514266631963519
2024-04-23 22:00:00,1619999.5,-6.586190802973967,0.1410212925421078,12.459034382050413
2024-04-23 23:00:00,1691999.5,-6.586190802973967,0.1410212925421078,12.530584839362962
2024-04-17 00:00:00,35999.5,-6.586190802973967,0.1410212925421078,12.464674054144117
2024-04-17 01:00:00,107999.5,-6.586190802973967,0.1410212925421078,12.491761175337983
2024-04-17 02:00:00,179999.5,-6.586190802973967,0.1410212925421078,12.482856493973559
2024-04-17 03:00:00,251999.5,-6.586190802973967,0.1410212925421078,12.488100557583206
2024-04-17 04:00:00,323999.5,-6.586190802973967,0.1410212925421078,12.566982179276787
2024-04-17 05:00:00,395999.5,-6.586190802973967,0.1410212925421078,12.499926114475493
2024-04-17 06:00:00,467999.5,-6.586190802973967,0.1410212925421078,12.520828454374259
2024-04-17 07:00:00,539999.5,-6.586190802973967,0.1410212925421078,12.527096713258747
2024-04-17 08:00:00,611999.5,-6.586190802973967,0.1410212925421078,12.510585619556752
2024-04-17 09:00:00,683999.5,-6.586190802973967,0.1410212925421078,12.48921928558786
2024-04-17 10:00:00,755999.5,-6.586190802973967,0.1410212925421078,12.541626405393114
2024-04-17 11:00:00,827999.5,-6.586190802973967,0.1410212925421078,12.422210930364189
2024-04-17 12:00:00,899999.5,-6.586190802973967,0.1410212925421078,12.541341830078848
2024-04-17 13:00:00,971999.5,-6.586190802973967,0.1410212925421078,12.508233650307794
2024-04-17 14:00:00,1043999.5,-6.586190802973967,0.1410212925421078,12.498715291368223
2024-04-17 15:00:00,1115999.5,-6.586190802973967,0.1410212925421078,12.500901352256577
2024-04-17 16:00:00,1187999.5,-6.586190802973967,0.1410212925421078,12.403165699793272
2024-04-17 17:00:00,1259999.5,-6.586190802973967,0.1410212925421078,12.629311367227958
2024-04-17 18:00:00,1331999.5,-6.586190802973967,0.1410212925421078,12.468721827294361
2024-04-17 19:00:00,1403999.5,-6.586190802973967,0.1410212925421078,12.446276229118027
2024-04-17 20:00:00,1475999.5,-6.586190802973967,0.1410212925421078,12.503695325545753
2024-04-17 21:00:00,1547999.5,-6.586190802973967,0.1410212925421078,12.484844084992671
2024-04-17 22:00:00,1619999.5,-6.586190802973967,0.1410212925421078,12.574622228058745
2024-04-17 23:00:00,1691999.5,-6.586190802973967,0.1410212925421078,12.488038552956482
2024-04-15 00:00:00,35999.5,-6.586190802973967,0.1410212925421078,12.538400090456266
2024-04-15 01:00:00,107999.5,-6.586190802973967,0.1410212925421078,12.49433166470366
2024-04-15 02:00:00,179999.5,-6.586190802973967,0.1410212925421078,12.432490263813271
2024-04-15 03:00:00,251999.5,-6.586190802973967,0.1410212925421078,12.529948846438808
2024-04-15 04:00:00,323999.5,-6.586190802973967,0.1410212925421078,12.51047876035681
2024-04-15 05:00:00,395999.5,-6.586190802973967,0.1410212925421078,12.499646748839137
2024-04-15 06:00:00,467999.5,-6.586190802973967,0.1410212925421078,12.562620895763141
2024-04-15 07:00:00,539999.5,-6.586190802973967,0.1410212925421078,12.490522802467801
2024-04-15 08:00:00,611999.5,-6.586190802973967,0.1410212925421078,12.597226719555714
2024-04-15 09:00:00,683999.5,-6.586190802973967,0.1410212925421078,12.43114185451496
2024-04-15 10:00:00,755999.5,-6.586190802973967,0.1410212925421078,12.547610899689689
2024-04-15 11:00:00,827999.5,-6.586190802973967,0.1410212925421078,12.488290625376246
2024-04-15 12:00:00,899999.5,-6.586190802973967,0.1410212925421078,12.506498911845748
2024-04-15 13:00:00,971999.5,-6.586190802973967,0.1410212925421078,12.524453873414535
2024-04-15 14:00:00,1043999.5,-6.586190802973967,0.1410212925421078,12.494901155520312
2024-04-15 15:00:00,1115999.5,-6.586190802973967,0.1410212925421078,12.534827812085712
2024-04-15 16:00:00,1187999.5,-6.586190802973967,0.1410212925421078,12.465886981599034
2024-04-15 17:00:00,1259999.5,-6.586190802973967,0.1410212925421078,12.45695642078264
2024-04-15 18:00:00,1331999.5,-6.586190802973967,0.1410212925421078,12.488248001320272
2024-04-15 19:00:00,1403999.5,-6.586190802973967,0.1410212925421078,12.502587176328436
2024-04-15 20:00:00,1475999.5,-6.586190802973967,0.1410212925421078,12.484552617028523
2024-04-15 21:00:00,1547999.5,-6.586190802973967,0.1410212925421078,12.45585691126433
2024-04-15 22:00:00,1619999.5,-6.586190802973967,0.1410212925421078,12.544242822337827
2024-04-15 23:00:00,1691999.5,-6.586190802973967,0.1410212925421078,12.504848209763805
2024-04-20 00:00:00,35999.5,-6.586190802973967,0.1410212925421078,12.464558330375434
2024-04-20 01:00:00,107999.5,-6.586190802973967,0.1410212925421078,12.449350023759685
2024-04-20 02:00:00,179999.5,-6.586190802973967,0.1410212925421078,12.390393528292474
2024-04-20 03:00:00,251999.5,-6.586190802973967,0.1410212925421078,12.445908751672217
2024-04-20 04:00:00,323999.5,-6.586190802973967,0.1410212925421078,12.574355881969703
2024-04-20 05:00:00,395999.5,-6.586190802973967,0.1410212925421078,12.417336493617684
2024-04-20 06:00:00,467999.5,-6.586190802973967,0.1410212925421078,12.4714691681897
2024-04-20 07:00:00,539999.5,-6.586190802973967,0.1410212925421078,12.431815745898447
2024-04-20 08:00:00,611999.5,-6.586190802973967,0.1410212925421078,12.492614225285061
2024-04-20 09:00:00,683999.5,-6.586190802973967,0.1410212925421078,12.480764250261185
2024-04-20 10:00:00,755999.5,-6.586190802973967,0.1410212925421078,12.54633470469104
2024-04-20 11:00:00,827999.5,-6.586190802973967,0.1410212925421078,12.415764217991196
2024-04-20 12:00:00,899999.5,-6.586190802973967,0.1410212925421078,12.541304107022528
2024-04-20 13:00:00,971999.5,-6.586190802973967,0.1410212925421078,12.41884398706841
2024-04-20 14:00:00,1043999.5,-6.586190802973967,0.1410212925421078,12.393419310113655
2024-04-20 15:00:00,1115999.5,-6.586190802973967,0.1410212925421078,12.441798496955455
2024-04-20 16:00:00,1187999.5,-6.586190802973967,0.1410212925421078,12.488365781944372
2024-04-20 17:00:00,1259999.5,-6.586190802973967,0.1410212925421078,12.457151799804787
2024-04-20 18:00:00,1331999.5,-6.586190802973967,0.1410212925421078,12.452884667498683
2024-04-20 19:00:00,1403999.5,-6.586190802973967,0.1410212925421078,12.40176840091878
2024-04-20 20:00:00,1475999.5,-6.586190802973967,0.1410212925421078,12.507557134078011
2024-04-20 21:00:00,1547999.5,-6.586190802973967,0.1410212925421078,12.58825172324845
2024-04-20 22:00:00,1619999.5,-6.586190802973967,0.1410212925421078,12.459461739024597
2024-04-20 23:00:00,1691999.5,-6.586190802973967,0.1410212925421078,12.4785509407998
2024-05-08 00:00:00,35999.5,-6.586190802973967,0.1410212925421078,12.413608720419948
2024-05-08 01:00:00,107999.5,-6.586190802973967,0.1410212925421078,12.459851750261393
2024-05-08 02:00:00,179999.5,-6.586190802973967,0.1410212925421078,12.517777542075885
2024-05-08 03:00:00,251999.5,-6.586190802973967,0.1410212925421078,12.489721107068886
2024-05-08 04:00:00,323999.5,-6.586190802973967,0.1410212925421078,12.458902246135391
2024-05-08 05:00:00,395999.5,-6.586190802973967,0.1410212925421078,12.495053586271647
2024-05-08 06:00:00,467999.5,-6.586190802973967,0.1410212925421078,12.514938965916562
2024-05-08 07:00:00,539999.5,-6.586190802973967,0.1410212925421078,12.52640974900828
2024-05-08 08:00:00,611999.5,-6.586190802973967,0.1410212925421078,12.551928496587001
2024-05-08 09:00:00,683999.5,-6.586190802973967,0.1410212925421078,12.434568566157381
2024-05-08 10:00:00,755999.5,-6.586190802973967,0.1410212925421078,12.412091821818258
2024-05-08 11:00:00,827999.5,-6.586190802973967,0.1410212925421078,12.535931470351052
2024-05-08 12:00:00,899999.5,-6.586190802973967,0.1410212925421078,12.502762458256518
2024-05-08 13:00:00,971999.5,-6.586190802973967,0.1410212925421078,12.463258416674059
2024-05-08 14:00:00,1043999.5,-6.586190802973967,0.1410212925421078,12.459798143991883
2024-05-08 15:00:00,1115999.5,-6.586190802973967,0.1410212925421078,12.423105066656785
2024-05-08 16:00:00,1187999.5,-6.586190802973967,0.1410212925421078,12.524434529978361
2024-05-08 17:00:00,1259999.5,-6.586190802973967,0.1410212925421078,12.469272452149484
2024-05-08 18:00:00,1331999.5,-6.586190802973967,0.1410212925421078,12.399879810794536
2024-05-08 19:00:00,1403999.5,-6.586190802973967,0.1410212925421078,12.440452323716901
2024-05-08 20:00:00,1475999.5,-6.586190802973967,0.1410212925421078,12.427676597329993
2024-05-08 21:00:00,1547999.5,-6.586190802973967,0.1410212925421078,12.506405998848194
2024-05-08 22:00:00,1619999.5,-6.586190802973967,0.1410212925421078,12.50818751069589
2024-05-08 23:00:00,1691999.5,-6.586190802973967,0.1410212925421078,12.557665683605308
2024-05-02 00:00:00,35999.5,-6.586190802973967,0.1410212925421078,12.469567159882974
2024-05-02 01:00:00,107999.5,-6.586190802973967,0.1410212925421078,12.547007391929375
2024-05-02 02:00:00,179999.5,-6.586190802973967,0.1410212925421078,12.51652691256602
2024-05-02 03:00:00,251999.5,-6.586190802973967,0.1410212925421078,12.565730311310631
2024-05-02 04:00:00,323999.5,-6.586190802973967,0.1410212925421078,12.451344074661408
2024-05-02 05:00:00,395999.5,-6.586190802973967,0.1410212925421078,12.46566518052537
2024-05-02 06:00:00,467999.5,-6.586190802973967,0.1410212925421078,12.43203748603058
2024-05-02 07:00:00,539999.5,-6.586190802973967,0.1410212925421078,12.610891840446902
2024-05-02 08:00:00,611999.5,-6.586190802973967,0.1410212925421078,12.418056822741377
2024-05-02 09:00:00,683999.5,-6.586190802973967,0.1410212925421078,12.541506347792057
2024-05-02 10:00:00,755999.5,-6.586190802973967,0.1410212925421078,12.469617926576321
2024-05-02 11:00:00,827999.5,-6.586190802973967,0.1410212925421078,12.516463340230148
2024-05-02 12:00:00,899999.5,-6.586190802973967,0.1410212925421078,12.548014720668082
2024-05-02 13:00:00,971999.5,-6.586190802973967,0.1410212925421078,12.477205253764962
2024-05-02 14:00:00,1043999.5,-6.586190802973967,0.1410212925421078,12.539124764763722
2024-05-02 15:00:00,1115999.5,-6.586190802973967,0.1410212925421078,12.498985056600157
2024-05-02 16:00:00,1187999.5,-6.586190802973967,0.1410212925421078,12.416885318026146
2024-05-02 17:00:00,1259999.5,-6.586190802973967,0.1410212925421078,12.475723008274667
2024-05-02 18:00:00,1331999.5,-6.586190802973967,0.1410212925421078,12.505784825311466
2024-05-02 19:00:00,1403999.5,-6.586190802973967,0.1410212925421078,12.488749596503
2024-05-02 20:00:00,1475999.5,-6.586190802973967,0.1410212925421078,12.534417622219134
2024-05-02 21:00:00,1547999.5,-6.586190802973967,0.1410212925421078,12.510711900306585
2024-05-02 22:00:00,1619999.5,-6.586190802973967,0.1410212925421078,12.439314545199084
2024-05-02 23:00:00,1691999.5,-6.586190802973967,0.1410212925421078,12.56193407400607
2024-05-01 00:00:00,35999.5,-6.586190802973967,0.1410212925421078,12.528298093534426
2024-05-01 01:00:00,107999.5,-6.586190802973967,0.1410212925421078,12.481302373167834
2024-05-01 02:00:00,179999.5,-6.586190802973967,0.1410212925421078,12.496287304147838
2024-05-01 03:00:00,251999.5,-6.586190802973967,0.1410212925421078,12.428027921953776
2024-05-01 04:00:00,323999.5,-6.586190802973967,0.1410212925421078,12.541891327667921
2024-05-01 05:00:00,395999.5,-6.586190802973967,0.1410212925421078,12.42435094057188
2024-05-01 06:00:00,467999.5,-6.586190802973967,0.1410212925421078,12.505240151795778
2024-05-01 07:00:00,539999.5,-6.586190802973967,0.1410212925421078,12.508012720008972
2024-05-01 08:00:00,611999.5,-6.586190802973967,0.1410212925421078,12.571941046467085
2024-05-01 09:00:00,683999.5,-6.586190802973967,0.1410212925421078,12.560492527008748
2024-05-01 10:00:00,755999.5,-6.586190802973967,0.1410212925421078,12.464195845914324
2024-05-01 11:00:00,827999.5,-6.586190802973967,0.1410212925421078,12.516065082177215
2024-05-01 12:00:00,899999.5,-6.586190802973967,0.1410212925421078,12.478424981165372
2024-05-01 13:00:00,971999.5,-6.586190802973967,0.1410212925421078,12.439381564579895
2024-05-01 14:00:00,1043999.5,-6.586190802973967,0.1410212925421078,12.548813549295199
2024-05-01 15:00:00,1115999.5,-6.586190802973967,0.1410212925421078,12.541395129511944
2024-05-01 16:00:00,1187999.5,-6.586190802973967,0.1410212925421078,12.519448574487935
2024-05-01 17:00:00,1259999.5,-6.586190802973967,0.1410212925421078,12.46752288740158
2024-05-01 18:00:00,1331999.5,-6.586190802973967,0.1410212925421078,12.525288698011005
2024-05-01 19:00:00,1403999.5,-6.586190802973967,0.1410212925421078,12.455928950786616
2024-05-01 20:00:00,1475999.5,-6.586190802973967,0.1410212925421078,12.484467771015746
2024-05-01 21:00:00,1547999.5,-6.586190802973967,0.1410212925421078,12.516731047426031
2024-05-01 22:00:00,1619999.5,-6.586190802973967,0.1410212925421078,12.501351263234847
2024-05-01 23:00:00,1691999.5,-6.586190802973967,0.1410212925421078,12.451242697038827
2024-05-03 00:00:00,35999.5,-6.586190802973967,0.1410212925421078,12.428568279569973
2024-05-03 01:00:00,107999.5,-6.586190802973967,0.1410212925421078,12.53030975851276
2024-05-03 02:00:00,179999.5,-6.586190802973967,0.1410212925421078,12.522951244397419
2024-05-03 03:00:00,251999.5,-6.586190802973967,0.1410212925421078,12.510860896019603
2024-05-03 04:00:00,323999.5,-6.586190802973967,0.1410212925421078,12.534333275122066
2024-05-03 05:00:00,395999.5,-6.586190802973967,0.1410212925421078,12.44559199441571
2024-05-03 06:00:00,467999.5,-6.586190802973967,0.1410212925421078,12.473033970658262
2024-05-03 07:00:00,539999.5,-6.586190802973967,0.1410212925421078,12.599381217506554
2024-05-03 08:00:00,611999.5,-6.586190802973967,0.1410212925421078,12.529216628483798
2024-05-03 09:00:00,683999.5,-6.586190802973967,0.1410212925421078,12.455246468614265
2024-05-03 10:00:00,755999.5,-6.586190802973967,0.1410212925421078,12.457093264081195
2024-05-03 11:00:00,827999.5,-6.586190802973967,0.1410212925421078,12.463704361703648
2024-05-03 12:00:00,899999.5,-6.586190802973967,0.1410212925421078,12.463539704202887
2024-05-03 13:00:00,971999.5,-6.586190802973967,0.1410212925421078,12.462740127367217
2024-05-03 14:00:00,1043999.5,-6.586190802973967,0.1410212925421078,12.534002409769645
2024-05-03 15:00:00,1115999.5,-6.586190802973967,0.1410212925421078,12.48365675978659
2024-05-03 16:00:00,1187999.5,-6.586190802973967,0.1410212925421078,12.50039046755771
2024-05-03 17:00:00,1259999.5,-6.586190802973967,0.1410212925421078,12.50138000601363
2024-05-03 18:00:00,1331999.5,-6.586190802973967,0.1410212925421078,12.562840129989526
2024-05-03 19:00:00,1403999.5,-6.586190802973967,0.1410212925421078,12.522859341559705
2024-05-03 20:00:00,1475999.5,-6.586190802973967,0.1410212925421078,12.522119602619002
2024-05-03 21:00:00,1547999.5,-6.586190802973967,0.1410212925421078,12.541870223003311
2024-05-03 22:00:00,1619999.5,-6.586190802973967,0.1410212925421078,12.589504743884445
2024-05-03 23:00:00,1691999.5,-6.586190802973967,0.1410212925421078,12.427351763979223
2024-04-25 00:00:00,35999.5,-6.586190802973967,0.1410212925421078,12.496422192039002
2024-04-25 01:00:00,107999.5,-6.586190802973967,0.1410212925421078,12.473763264552785
2024-04-25 02:00:00,179999.5,-6.586190802973967,0.1410212925421078,12.487044267473285
2024-04-25 03:00:00,251999.5,-6.586190802973967,0.1410212925421078,12.490444966195838
2024-04-25 04:00:00,323999.5,-6.586190802973967,0.1410212925421078,12.47235647422746
2024-04-25 05:00:00,395999.5,-6.586190802973967,0.1410212925421078,12.509272218046675
2024-04-25 06:00:00,467999.5,-6.586190802973967,0.1410212925421078,12.522532775181539
2024-04-25 07:00:00,539999.5,-6.586190802973967,0.1410212925421078,12.450689164972417
2024-04-25 08:00:00,611999.5,-6.586190802973967,0.1410212925421078,12.521491765439341
2024-04-25 09:00:00,683999.5,-6.586190802973967,0.1410212925421078,12.533902189523927
2024-04-25 10:00:00,755999.5,-6.586190802973967,0.1410212925421078,12.582808739729998
2024-04-25 11:00:00,827999.5,-6.586190802973967,0.1410212925421078,12.561945993632877
2024-04-25 12:00:00,899999.5,-6.586190802973967,0.1410212925421078,12.565639242699351
2024-04-25 13:00:00,971999.5,-6.586190802973967,0.1410212925421078,12.422503958922483
2024-04-25 14:00:00,1043999.5,-6.586190802973967,0.1410212925421078,12.476009732161126
2024-04-25 15:00:00,1115999.5,-6.586190802973967,0.1410212925421078,12.453660577852254
2024-04-25 16:00:00,1187999.5,-6.586190802973967,0.1410212925421078,12.512545540237111
2024-04-25 17:00:00,1259999.5,-6.586190802973967,0.1410212925421078,12.543612810809838
2024-04-25 18:00:00,1331999.5,-6.586190802973967,0.1410212925421078,12.530669540814246
2024-04-25 19:00:00,1403999.5,-6.586190802973967,0.1410212925421078,12.535530853831098
2024-04-25 20:00:00,1475999.5,-6.586190802973967,0.1410212925421078,12.45715625892028
2024-04-25 21:00:00,1547999.5,-6.586190802973967,0.1410212925421078,12.621670426474033
2024-04-25 22:00:00,1619999.5,-6.586190802973967,0.1410212925421078,12.448425907496462
2024-04-25 23:00:00,1691999.5,-6.586190802973967,0.1410212925421078,12.562087859182602
2024-04-16 00:00:00,35999.5,-6.586190802973967,0.1410212925421078,12.49652623170371
2024-04-16 01:00:00,107999.5,-6.586190802973967,0.1410212925421078,12.378730456008329
2024-04-16 02:00:00,179999.5,-6.586190802973967,0.1410212925421078,12.541624891288425
2024-04-16 03:00:00,251999.5,-6.586190802973967,0.1410212925421078,12.511793812073
2024-04-16 04:00:00,323999.5,-6.586190802973967,0.1410212925421078,12.508387799333251
2024-04-16 05:00:00,395999.5,-6.586190802973967,0.1410212925421078,12.508883850717803
2024-04-16 06:00:00,467999.5,-6.586190802973967,0.1410212925421078,12.447207152213302
2024-04-16 07:00:00,539999.5,-6.586190802973967,0.1410212925421078,12.528609671323718
2024-04-16 08:00:00,611999.5,-6.586190802973967,0.1410212925421078,12.447033476576921
2024-04-16 09:00:00,683999.5,-6.586190802973967,0.1410212925421078,12.534083876580295
2024-04-16 10:00:00,755999.5,-6.586190802973967,0.1410212925421078,12.533453646225254
2024-04-16 11:00:00,827999.5,-6.586190802973967,0.1410212925421078,12.568623291170722
2024-04-16 12:00:00,899999.5,-6.586190802973967,0.1410212925421078,12.50900483782268
2024-04-16 13:00:00,971999.5,-6.586190802973967,0.1410212925421078,12.504705773349196
2024-04-16 14:00:00,1043999.5,-6.586190802973967,0.1410212925421078,12.578019238256646
2024-04-16 15:00:00,1115999.5,-6.586190802973967,0.1410212925421078,12.621045531303844
2024-04-16 16:00:00,1187999.5,-6.586190802973967,0.1410212925421078,12.474052208589077
2024-04-16 17:00:00,1259999.5,-6.586190802973967,0.1410212925421078,12.457104464674094
2024-04-16 18:00:00,1331999.5,-6.586190802973967,0.1410212925421078,12.55865508103146
2024-04-16 19:00:00,1403999.5,-6.586190802973967,0.1410212925421078,12.53123440944132
2024-04-16 20:00:00,1475999.5,-6.586190802973967,0.1410212925421078,12.530535382597082
2024-04-16 21:00:00,1547999.5,-6.586190802973967,0.1410212925421078,12.545232035637596
2024-04-16 22:00:00,1619999.5,-6.586190802973967,0.1410212925421078,12.525515813034538
2024-04-16 23:00:00,1691999.5,-6.586190802973967,0.1410212925421078,12.512069189250987
2024-04-12 00:00:00,35999.5,-6.586190802973967,0.1410212925421078,12.441566510086695
2024-04-12 01:00:00,107999.5,-6.586190802973967,0.1410212925421078,12.403189192700635
2024-04-12 02:00:00,179999.5,-6.586190802973967,0.1410212925421078,12.541361992617604
2024-04-12 03:00:00,251999.5,-6.586190802973967,0.1410212925421078,12.488024115834174
2024-04-12 04:00:00,323999.5,-6.586190802973967,0.1410212925421078,12.488211186905703
2024-04-12 05:00:00,395999.5,-6.586190802973967,0.1410212925421078,12.455695148422793
2024-04-12 06:00:00,467999.5,-6.586190802973967,0.1410212925421078,12.55807543195338
2024-04-12 07:00:00,539999.5,-6.586190802973967,0.1410212925421078,12.484442065077864
2024-04-12 08:00:00,611999.5,-6.586190802973967,0.1410212925421078,12.463730100236473
2024-04-12 09:00:00,683999.5,-6.586190802973967,0.1410212925421078,12.480660445993093
2024-04-12 10:00:00,755999.5,-6.586190802973967,0.1410212925421078,12.527703365829815
2024-04-12 11:00:00,827999.5,-6.586190802973967,0.1410212925421078,12.554399038603899
2024-04-12 12:00:00,899999.5,-6.586190802973967,0.1410212925421078,12.533556259532293
2024-04-12 13:00:00,971999.5,-6.586190802973967,0.1410212925421078,12.469323720389706
2024-04-12 14:00:00,1043999.5,-6.586190802973967,0.1410212925421078,12.50998394337158
2024-04-12 15:00:00,1115999.5,-6.586190802973967,0.1410212925421078,12.435217826316258
2024-04-12 16:00:00,1187999.5,-6.586190802973967,0.1410212925421078,12.496484696999484
2024-04-12 17:00:00,1259999.5,-6.586190802973967,0.1410212925421078,12.646391160080634
2024-04-12 18:00:00,1331999.5,-6.586190802973967,0.1410212925421078,12.467734460638528
2024-04-12 19:00:00,1403999.5,-6.586190802973967,0.1410212925421078,12.495737004932597
2024-04-12 20:00:00,1475999.5,-6.586190802973967,0.1410212925421078,12.454387502619763
2024-04-12 21:00:00,1547999.5,-6.586190802973967,0.1410212925421078,12.596216760420212
2024-04-12 22:00:00,1619999.5,-6.586190802973967,0.1410212925421078,12.553536782916941
2024-04-12 23:00:00,1691999.5,-6.586190802973967,0.1410212925421078,12.556447743035609
